X,Y,Field1,Field2,Field3
-118.2437,34.0522,10,15,20
-73.935242,40.730610,8,11,14
-95.369804,29.760427,12,18,22
-121.886329,37.338208,6,9,12
-87.629798,41.878113,15,22,28
-97.743061,30.267153,11,16,21
-122.419416,37.774929,9,13,17
-118.242766,34.052235,14,21,26
-71.058880,42.360081,7,10,13
-81.694360,41.499321,12,17,22